"Full Name","Phone","Email","Age","Experience","Yearly Income","Has children","License states","Expiration date","License number"
,"","  ","12","45","1200.11","TRUE","Alabama","2030-12-12","1xr567"
"Alex Choc","8946991919"," chocho@mcp.ru ","24","5","1200.11","FALSE","AL","12/12/2030","1xr567"
"Alex Chos","18900991919"," cho.cho ","24.4","45","1200","","Alabama|Alaska|Washington","12/12/2020","1xr567"
"Alex Chop","89559919d9"," cho.cho ",-29,"45","-1200","net","Alabamas","12-12-2030","1xr767"
"Alex Choc","+18900991919"," chocho@mcp.ru ","27","5","ddd1200.11","FALSE","AL","12/12/2030","1xr67"
"Alex Cho","+18900991919"," cho.cho@gmail.com ","12","45","1200.11","TRUE","Alabama","2030-12-12","1xr567"
"Alex Choc","8946991919"," chocho@mcp.ru ","24","5","1200.11","FALSE","AL","12/12/2030","1xr567"
"Alex Chos","18900991919"," cho.cho ","24.4","45","1200","","Alabama|Alaska|Washington","12/12/2020","1xr567"
"Alex Chop","89559919d9"," cho.cho ",29,"45","1200","net","Alabamas","12-12-2030","1xr767"
"Alex Choc","+18900991919"," chocho@mcp.ru ","27","5","ddd1200.11","FALSE","AL","12/12/2030","1xr67"
"Alex Cho","+18900991919"," cho.cho@gmail.com ","12","45","1200.11","TRUE","Alabama","2030-12-12","1xr567"
"Alex Choc","8946991919"," chocho@mcp.ru ","24","5","1200.11","FALSE","AL","12/12/2030","1xr567"
"Alex Chos","18900991919"," cho.cho ","24.4","45","1200","","Alabama|Alaska|Washington","12/12/2020","1xr567"
"Alex Chop","89559919d9"," cho.cho ",29,"45","1200","net","Alabamas","12-12-2030","1xr767"
"Alex Choc","+18900991919"," chocho@mcp.ru ","27","5","ddd1200.11","FALSE","AL","12/12/2030","1xr67"
"Alex Cho","+18900991919"," cho.cho@gmail.com ","12","45","1200.11","TRUE","Alabama","2030-12-12","1xr567"
"Alex Choc","8946991919"," chocho@mcp.ru ","24","5","1200.11","FALSE","AL","12/12/2030","1xr567"
"Alex Chos","18900991919"," cho.cho ","24.4","45","1200","","Alabama|Alaska|Washington","12/12/2020","1xr567"
"Alex Chop","89559919d9"," cho.cho ",29,"45","1200","net","Alabamas","12-12-2030","1xr767"
"Alex Choc","+18900991919"," chocho@mcp.ru ","27","5","ddd1200.11","FALSE","AL","12/12/2030","1xr67"
"Alex Cho","+18900991919"," cho.cho@gmail.com ","12","45","1200.11","TRUE","Alabama","2030-12-12","1xr567"
"Alex Choc","8946991919"," chocho@mcp.ru ","24","5","1200.11","FALSE","AL","12/12/2030","1xr567"
"Alex Chos","18900991919"," cho.cho ","24.4","45","1200","","Alabama|Alaska|Washington","12/12/2020","1xr567"
"Alex Chop","89559919d9"," cho.cho ",29,"45","1200","net","Alabamas","12-12-2030","1xr767"
"Alex Choc","+18900991919"," chocho@mcp.ru ","27","5","ddd1200.11","FALSE","AL","12/12/2030","1xr67"
"Alex Cho","+18900991919"," cho.cho@gmail.com ","12","45","1200.11","TRUE","Alabama","2030-12-12","1xr567"
"Alex Choc","8946991919"," chocho@mcp.ru ","24","5","1200.11","FALSE","AL","12/12/2030","1xr567"
"Alex Chos","18900991919"," cho.cho ","24.4","45","1200","","Alabama|Alaska|Washington","12/12/2020","1xr567"
"Alex Chop","89559919d9"," cho.cho ",29,"45","1200","net","Alabamas","12-12-2030","1xr767"
"Alex Choc","+18900991919"," chocho@mcp.ru ","27","5","ddd1200.11","FALSE","AL","12/12/2030","1xr67"
"Alex Cho","+18900991919"," cho.cho@gmail.com ","12","45","1200.11","TRUE","Alabama","2030-12-12","1xr567"
"Alex Choc","8946991919"," chocho@mcp.ru ","24","5","1200.11","FALSE","AL","12/12/2030","1xr567"
"Alex Chos","18900991919"," cho.cho ","24.4","45","1200","","Alabama|Alaska|Washington","12/12/2020","1xr567"
"Alex Chop","89559919d9"," cho.cho ",29,"45","1200","net","Alabamas","12-12-2030","1xr767"
"Alex Choc","+18900991919"," chocho@mcp.ru ","27","5","ddd1200.11","FALSE","AL","12/12/2030","1xr67"
"Alex Cho","+18900991919"," cho.cho@gmail.com ","12","45","1200.11","TRUE","Alabama","2030-12-12","1xr567"
"Alex Choc","8946991919"," chocho@mcp.ru ","24","5","1200.11","FALSE","AL","12/12/2030","1xr567"
"Alex Chos","18900991919"," cho.cho ","24.4","45","1200","","Alabama|Alaska|Washington","12/12/2020","1xr567"
"Alex Chop","89559919d9"," cho.cho ",29,"45","1200","net","Alabamas","12-12-2030","1xr767"
"Alex Choc","+18900991919"," chocho@mcp.ru ","27","5","ddd1200.11","FALSE","AL","12/12/2030","1xr67"
"Alex Cho","+18900991919"," cho.cho@gmail.com ","12","45","1200.11","TRUE","Alabama","2030-12-12","1xr567"
"Alex Choc","8946991919"," chocho@mcp.ru ","24","5","1200.11","FALSE","AL","12/12/2030","1xr567"
"Alex Chos","18900991919"," cho.cho ","24.4","45","1200","","Alabama|Alaska|Washington","12/12/2020","1xr567"
"Alex Chop","89559919d9"," cho.cho ",29,"45","1200","net","Alabamas","12-12-2030","1xr767"
"Alex Choc","+18900991919"," chocho@mcp.ru ","27","5","ddd1200.11","FALSE","AL","12/12/2030","1xr67"
"Alex Cho","+18900991919"," cho.cho@gmail.com ","12","45","1200.11","TRUE","Alabama","2030-12-12","1xr567"
"Alex Choc","8946991919"," chocho@mcp.ru ","24","5","1200.11","FALSE","AL","12/12/2030","1xr567"
"Alex Chos","18900991919"," cho.cho ","24.4","45","1200","","Alabama|Alaska|Washington","12/12/2020","1xr567"
"Alex Chop","89559919d9"," cho.cho ",29,"45","1200","net","Alabamas","12-12-2030","1xr767"
"Alex Choc","+18900991919"," chocho@mcp.ru ","27","5","ddd1200.11","FALSE","AL","12/12/2030","1xr67"
"Alex Cho","+18900991919"," cho.cho@gmail.com ","12","45","1200.11","TRUE","Alabama","2030-12-12","1xr567"
"Alex Choc","8946991919"," chocho@mcp.ru ","24","5","1200.11","FALSE","AL","12/12/2030","1xr567"
"Alex Chos","18900991919"," cho.cho ","24.4","45","1200","","Alabama|Alaska|Washington","12/12/2020","1xr567"
"Alex Chop","89559919d9"," cho.cho ",29,"45","1200","net","Alabamas","12-12-2030","1xr767"
"Alex Choc","+1890099191d"," chocho@mcp.ru ","27","5","ddd1200.11","FALSE","AL","12/12/2030","1xr67"
"Alex Cho","+1890099191956"," cho.cho@gmail.com ","12","45","1200.11","TRUE","Alabama","2030-12-12","1xr567"
"Alex Choc","8946991919"," chocho@mcp.ru ","24","5","1200.11","FALSE","AL","12/12/2030","1xr567"
"Alex Chos","18900991919"," cho.cho ","24.4","45","1200","","Alabama|Alaska|Washington","12/12/2020","1xr567"
"Alex Chop","89559919d9"," cho.cho ",29,"45","1200","net","Alabamas","12-12-2030","1xr767"
"Alex Choc","+18900991919"," chocho@mcp.ru ","27","5","ddd1200.11","FALSE","AL","12/12/2030","1xr67"
"Alex Cho","+18900991919"," cho.cho@gmail.com ","12","45","1200.11","TRUE","Alabama","2030-12-12","1xr567"
"Alex Choc","8946991919"," chocho@mcp.ru ","24","5","1200.11","FALSE","AL","12/12/2030","1xr567"
"Alex Chos","18900991919"," cho.cho ","24.4","45","1200","","Alabama|Alaska|Washington","12/12/2020","1xr567"
"Alex Chop","89559919d9"," cho.cho ",29,"45","1200","net","Alabamas","12-12-2030","1xr767"
"Alex Choc","+18900991919"," chocho@mcp.ru ","27","5","ddd1200.11","FALSE","AL","12/12/2030","1xr67"
"Alex Cho","+18900991919"," cho.cho@gmail.com ","12","45","1200.11","TRUE","Alabama","2030-12-12","1xr567"
"Alex Choc","8946991919"," chocho@mcp.ru ","24","5","1200.11","FALSE","AL","12/12/2030","1xr567"
"Alex Chos","18900991919"," cho.cho ","24.4","45","1200","","Alabama|Alaska|Washington","","1xr567"
"Alex Chop","89559919d9"," cho.cho ",29,"45","1200","net","Alabamas","12-12-2030","1xr767"
"Alex Choc","+18900991919"," chocho@mcp.ru ","27","5","ddd1200.11","FALSE","AL","12/12/2030",""